{"accuracy": [0.050574712455272675, 0.08505747467279434, 0.12758620083332062, 0.16206896305084229, 0.2298850566148758], "loss": [3.7099454402923584, 3.4108943939208984, 3.150019407272339, 3.056825876235962, 2.8421175479888916], "val_accuracy": [0.0746268630027771, 0.13930347561836243, 0.2189054787158966, 0.323383092880249, 0.482587069272995], "val_loss": [3.323151111602783, 3.0914382934570312, 2.9129693508148193, 2.720026969909668, 2.533498525619507]}